ID,Razón Social,NIT,Sector,Vacantes Encontradas,Última Vacante,Email Encontrado,Teléfono Encontrado,Estado
"1","ALPINA PRODUCTOS ALIMENTICIOS S A","","",0,"","","","Sin vacantes"
"2","Banco Davivienda S.A.","","",0,"","","","Sin vacantes"
"3","Colombia Movil","","",0,"","","","Sin vacantes"
"4","Colombia Telecomunicaciones S.A. ESP","","",0,"","","","Sin vacantes"
"5","Claro Colombia - Comcel - America Movil - Telmex","","",0,"","","","Sin vacantes"
"6","Banco Colpatria Multibanca Colpatria S.A","","",0,"","","","Sin vacantes"
"7","Telefonica Moviles Colombia S A","","",0,"","","","Sin vacantes"
"8","PROCIBERNETICA S.A.","","",0,"","","","Sin vacantes"
"9","Amazing Colombia S.A","","",0,"","","","Sin vacantes"
"10","Centro de Servicios Mundial S.A.S.","","",0,"","","","Sin vacantes"
"11","Tecnocom Colombia SAS","","",0,"","","","Sin vacantes"
"12","Helm Bank SA","","",0,"","","","Sin vacantes"
"13","BANCO DE OCCIDENTE S A","","",0,"","","","Sin vacantes"
"14","Equion Energia Limited","","",0,"","","","Sin vacantes"
"15","Grupo Orbis S.A","","",0,"","","","Sin vacantes"
"16","Compañia de seguros Positiva","","",0,"","","","Sin vacantes"
"17","Tv Azteca Sucursal Colombia","","",0,"","","","Sin vacantes"
"18","Makro Computo S A","","",0,"","","","Sin vacantes"
"19","ITIS Support Ltda","","",0,"","","","Sin vacantes"
"20","PONTIFICIA UNIVERSIDAD JAVERIANA","","",0,"","","","Sin vacantes"
"21","Cementos Argos SA","","",0,"","","","Sin vacantes"
"22","Comite de Cafeteros de Caldas","","",0,"","","","Sin vacantes"
"23","A TODA HORA S A","","",0,"","","","Sin vacantes"
"24","Universidad Autonoma De Occidente","","",0,"","","","Sin vacantes"
"25","Ajover SA","","",0,"","","","Sin vacantes"
"26","E.P.S. FAMISANAR LTDA","","",0,"","","","Sin vacantes"
"27","Compania Colombiana de Quimicos SA","","",0,"","","","Sin vacantes"
"28","EPS FAMISANAR LTDA","","",0,"","","","Sin vacantes"
"29","UNE EPM Telecomunicaciones SA","","",0,"","","","Sin vacantes"
"30","BBVA","","",0,"","","","Sin vacantes"
"31","Conix S.A.","","",0,"","","","Sin vacantes"
"32","CENTRALES ELECTRICAS DE NORTE DE SANTANDER S A E.S","","",0,"","","","Sin vacantes"
"33","Empresa De Telecomunicaciones De Bucaramanga S.A","","",0,"","","","Sin vacantes"
"34","Direccion Nacional De Inteligencia","","",0,"","","","Sin vacantes"
"35","Colombiana De Comercio SA Corbeta SA YO Alkosto SA","","",0,"","","","Sin vacantes"
"36","BBVA Colombia S.A","","",0,"","","","Sin vacantes"
"37","Banco Agrario De Colombia S A","","",0,"","","","Sin vacantes"
"38","Banco Caja Social","","",0,"","","","Sin vacantes"
"39","Experian Colombia S.A.","","",0,"","","","Sin vacantes"
"40","UNIVERSIDAD DE LA SALLE","","",0,"","","","Sin vacantes"
"41","Cooperativa Nacional de Droguistas Detallistas  Copidrogas","","",0,"","","","Sin vacantes"
"42","Caja Colombiana De Subsidio Familiar Colsubsidio","","",0,"","","","Sin vacantes"
"43","Universidad De La Sabana","","",0,"","","","Sin vacantes"
"44","Dijon Corporation Ltd.","","",0,"","","","Sin vacantes"
"45","COVINOC S.A.","","",0,"","","","Sin vacantes"
"46","Avantel S.A.S","","",0,"","","","Sin vacantes"
"47","FUNDACION UNIVERSIDAD DEL NORTE","","",0,"","","","Sin vacantes"
"48","ELECTRIFICADORA DE SANTANDER S.A. E.S.P.","","",0,"","","","Sin vacantes"
"49","UNIVERSIDAD DE LOS ANDES","","",0,"","","","Sin vacantes"
"50","UNIVERSIDAD DE SAN BUENAVENTURA","","",0,"","","","Sin vacantes"
"51","BANCOLOMBIA","","",0,"","","","Sin vacantes"
"52","BANCO DE BOGOTA S A","","",0,"","","","Sin vacantes"
"53","EDATEL S.A. E.S.P.","","",0,"","","","Sin vacantes"
"54","CENTRAL HIDROELECTRICA DE CALDAS S A CHEC","","",0,"","","","Sin vacantes"
"55","Empresa de Energía del Quindío S.A. E.S.P.","","",0,"","","","Sin vacantes"
"56","Banco Sudameris De Colombia Sa","","",0,"","","","Sin vacantes"
"57","Nueva Empresa Promotora de Salud S A","","",0,"","","","Sin vacantes"
"58","Pollos El Bucanero S.A","","",0,"","","","Sin vacantes"
"59","Caja de Compensacion Familiar de Caldas","","",0,"","","","Sin vacantes"
"60","ALMACENES GENERALES DE DEPOSITO DE CAFE S A ALMACA","","",0,"","","","Sin vacantes"
"61","SEGUROS COMERCIALES BOLIVAR S A","","",0,"","","","Sin vacantes"
"62","Colombiana de Comercio SA","","",0,"","","","Sin vacantes"
"63","EMCALI E.I.C.E E.S.P","","",0,"","","","Sin vacantes"
"64","Independence Drilling S.A.","","",0,"","","","Sin vacantes"
"65","ALCATEL LUCENT DE COLOMBIA S A","","",0,"","","","Sin vacantes"
"66","Efectivo Ltda.","","",0,"","","","Sin vacantes"
"67","SOC ADM DE FDOS DE PENSIONES Y CESAN PORVENIR S.A","","",0,"","","","Sin vacantes"
"68","Almacenes LA 14 SA","","",0,"","","","Sin vacantes"
"69","CONCESION RUNT SA","","",0,"","","","Sin vacantes"
"70","Banco De Las Microfinanzas Bancamia SA","","",0,"","","","Sin vacantes"
"71","Asociacion Gremial de Instituciones Financieras Cr","","",0,"","","","Sin vacantes"
"72","MULTIDIMENSIONALES S.A.S","","",0,"","","","Sin vacantes"
"73","SIEMENS S.A. COLOMBIA","","",0,"","","","Sin vacantes"
"74","Pegatex  Artecola S.A","","",0,"","","","Sin vacantes"
"75","Procables S.A.S C.I","","",0,"","","","Sin vacantes"
"76","TRANSPORTADORA COMERCIAL COLOMBIANA S.A. (TCC)","","",0,"","","","Sin vacantes"
"77","Seguros Generales Suramericana SA","","",0,"","","","Sin vacantes"
"78","BANCO POPULAR S A","","",0,"","","","Sin vacantes"
"79","COOMEVA CALI","","",0,"","","","Sin vacantes"
"80","REDEBAN","","",0,"","","","Sin vacantes"
"81","Fundacion Universitaria Tecnologico Comfenalco-Car","","",0,"","","","Sin vacantes"
"82","Level 3 Colombia SA","","",0,"","","","Sin vacantes"
"83","Consorcio PST","","",0,"","","","Sin vacantes"
"84","Corporacion de Acero Corpacero Marco Y E","","",0,"","","","Sin vacantes"
"85","Desca colombia s.a.","","",0,"","","","Sin vacantes"
"86","UNIVERSIDAD COOPERATIVA DE COLOMBIA","","",0,"","","","Sin vacantes"
"87","Direccion De Investigacion Criminal e Interpol","","",0,"","","","Sin vacantes"
"88","Deposito Centralizado de Valores de Colombia Decev","","",0,"","","","Sin vacantes"
"89","Liberty Seguros S.A","","",0,"","","","Sin vacantes"
"90","COMPANIA DE SEGUROS BOLIVAR S.A.","","",0,"","","","Sin vacantes"
"91","COMPANIA DE MEDICINA PREPAGADA COLSANITAS S.A","","",0,"","","","Sin vacantes"
"92","Red Colombiana de Servicios S.A.","","",0,"","","","Sin vacantes"
"93","Universidad Manuela Beltran","","",0,"","","","Sin vacantes"
"94","ASIC S.A.","","",0,"","","","Sin vacantes"
"95","Credicorp Capital Colombia S.A.","","",2,"Asociado de Estrategia BI para Negocios Fiduciarios","","","CON VACANTES TI"
"96","Autotecnica Colombiana SAS","","",0,"","","","Sin vacantes"
"97","Organizacion Corona SA","","",0,"","","","Sin vacantes"
"98","EMPRESAS VARIAS DE MEDELLIN","","",0,"","","","Sin vacantes"
"99","GAS NATURAL S.A.  E.S.P","","",0,"","","","Sin vacantes"
"100","Ekko Promotora SA","","",0,"","","","Sin vacantes"
"101","FEDERACION NACIONAL DE CAFETEROS DE COLOMBIA","","",0,"","","","Sin vacantes"
"102","COOPERATIVA MEDICA DEL VALLE Y DE PROFESIONALES DE","","",0,"","","","Sin vacantes"
"103","EMPRESA DE ENERGIA DEL PACIFICO S A EPSA E S P","","",0,"","","","Sin vacantes"
"104","BANCO MUNDIAL DE LA MUJER - WWB COLOMBIA","","",0,"","","","Sin vacantes"
"105","COVINOC","","",0,"","","","Sin vacantes"
"106","Unidad De Servicios Penitenciarios Y Carcelarios S","","",0,"","","","Sin vacantes"
"107","Banco Comercial Av Villas SA","","",0,"","","","Sin vacantes"
"108","Synapsis Colombia SAS","","",0,"","","","Sin vacantes"
"109","CIA DE MEDICINA PREPAGADA COLSANITAS S A","","",0,"","","","Sin vacantes"
"110","Mineria Texas Colombia SA","","",0,"","","","Sin vacantes"
"111","Espumados S.A.","","",0,"","","","Sin vacantes"
"112","Sociedad De Acueductos Y Alcantarillados Del Valle","","",0,"","","","Sin vacantes"
"113","Colorquimica S.A.","","",0,"","","","Sin vacantes"
"114","Laboratorios Expofarma SA","","",0,"","","","Sin vacantes"
"115","TCRP TELECOMUNICACIONES SAS","","",0,"","","","Sin vacantes"
"116","Camara De Riesgo Central De Contraparte De Colombi","","",0,"","","","Sin vacantes"
"117","Asociacion Bancaria y de Entidades Financieras de","","",0,"","","","Sin vacantes"
"118","EPM Inversiones S.A.","","",0,"","","","Sin vacantes"
"119","ACH COLOMBIA S A","","",0,"","","","Sin vacantes"
"120","LABORATORIOS BUSIE","","",0,"","","","Sin vacantes"
"121","Allianz Seguros De Vida S.A.","","",0,"","","","Sin vacantes"
"122","TECNOQUIMICAS S A","","",0,"","","","Sin vacantes"
"123","Praco Didacol SA","","",0,"","","","Sin vacantes"
"124","Empresas Municipales De Cali E I C E E S P","","",0,"","","","Sin vacantes"
"125","Cooperativa Multiactiva De Detallistas De Colombia","","",0,"","","","Sin vacantes"
"126","Marval","","",0,"","","","Sin vacantes"
"127","Direccion de transito y transporte - Ditra","","",0,"","","","Sin vacantes"
"128","Excelsis SaCig","","",0,"","","","Sin vacantes"
"129","MEFIA SAS","","",0,"","","","Sin vacantes"
"130","Grupo ASD SAS","","",0,"","","","Sin vacantes"
"131","Centro de Servicios Crediticios S.A","","",0,"","","","Sin vacantes"
"132","Cooperativa Financiera Cotrafa","","",0,"","","","Sin vacantes"
"133","Fundacion Universidad DE Bogota Jorge Tadeo Lozano","","",0,"","","","Sin vacantes"
"134","Grupo Empresarial en Linea S.A.","","",0,"","","","Sin vacantes"
"135","Fortox S.A.","","",0,"","","","Sin vacantes"
"136","Datecsa SA","","",0,"","","","Sin vacantes"
"137","Contingencia","","",0,"","","","Sin vacantes"
"138","ELECTRIFICADORA DEL CARIBE S.A.-E.S.P.","","",0,"","","","Sin vacantes"
"139","Marval S.A.","","",0,"","","","Sin vacantes"
"140","EXPEDITORS DE COLOMBIA LTDA.","","",0,"","","","Sin vacantes"
"141","Code S.A.","","",0,"","","","Sin vacantes"
"142","Compañía De Servicios E Inversiones Alpes S.A.S","","",0,"","","","Sin vacantes"
"143","SI S.A.","","",0,"","","","Sin vacantes"
"144","CENTRO INTERNACIONAL DE AGRICULTURA TROPIAL-CIAT-","","",0,"","","","Sin vacantes"
"145","SODIMAC COLOMBIA S A","","",0,"","","","Sin vacantes"
"146","Cobiscorp Colombia SA","","",0,"","","","Sin vacantes"
"147","Gonvarri Ms Colombia S A S","","",0,"","","","Sin vacantes"
"148","Caja De Compensacion Familiar Del Huila","","",0,"","","","Sin vacantes"
"149","Industrias Ceno S A","","",0,"","","","Sin vacantes"
"150","Electrificadora Del Huila S.A. E.S.P.","","",0,"","","","Sin vacantes"
"151","Infomedia Service SA","","",0,"","","","Sin vacantes"
"152","PROQUINAL S A","","",0,"","","","Sin vacantes"
"153","Administradora Fondos DE Pensiones Y Cesantia Prot","","",0,"","","","Sin vacantes"
"154","GASES DEL CARIBE S A EMP DE SERV PUB","","",0,"","","","Sin vacantes"
"155","Triada Ltda.","","",0,"","","","Sin vacantes"
"156","COLTICKETS S.A.","","",0,"","","","Sin vacantes"
"157","INVERFAS S A","","",0,"","","","Sin vacantes"
"158","Manufacturas Eliot S.A.S","","",0,"","","","Sin vacantes"
"159","Compania Nacional de Levaduras-Levapan SA","","",0,"","","","Sin vacantes"
"160","Servientrega SA","","",0,"","","","Sin vacantes"
"161","Bcsc SA","","",0,"","","","Sin vacantes"
"162","INSTITUTO NACIONAL DE VIAS","","",0,"","","","Sin vacantes"
"163","CENTRALES ELECTRICAS DE NARINO S A E S P","","",0,"","","","Sin vacantes"
"164","HOSPITAL MILITAR CENTRAL","","",0,"","","","Sin vacantes"
"165","US Southern Command","","",0,"","","","Sin vacantes"
"166","ASESORIA EN SISTEMATIZACION DE DATOS S.A.- ASD","","",0,"","","","Sin vacantes"
"167","PETROBRAS COLOMBIA LIMITED","","",0,"","","","Sin vacantes"
"168","Corporacion Universitaria De La Costa  -  Cuc","","",0,"","","","Sin vacantes"
"169","SERVICIO GEOLOGICO COLOMBIANO","","",0,"","","","Sin vacantes"
"170","INTEGRAL S A","","",1,"Pasante de cocina","","","CON VACANTES TI"
"171","Hocol s a","","",0,"","","","Sin vacantes"
"172","XM Compania de Expertos en Mercados SA ESP","","",0,"","","","Sin vacantes"
"173","IMOCOM S.A.","","",0,"","","","Sin vacantes"
"174","Productos Quimicos Panamericanos","","",0,"","","","Sin vacantes"
"175","Global Solutions Group S.A.S.","","",0,"","","","Sin vacantes"
"176","Multienlace SAS","","",0,"","","","Sin vacantes"
"177","Emerald Energy","","",0,"","","","Sin vacantes"
"178","Top Drilling Company Sucursal Colombia","","",0,"","","","Sin vacantes"
"179","COLTEFINANCIERA S.A.","","",0,"","","","Sin vacantes"
"180","UNIVERSIDAD ECCI","","",0,"","","","Sin vacantes"
"181","Corona Industrial S.A.S.","","",0,"","","","Sin vacantes"
"182","EMPRESA DE ENERGIA DE BOGOTA S.A. ESP","","",0,"","","","Sin vacantes"
"183","CIFIN SA","","",0,"","","","Sin vacantes"
"184","Tickets Fast S.A.S","","",0,"","","","Sin vacantes"
"185","Fussion Corporation Colombia SAS","","",0,"","","","Sin vacantes"
"186","Instituto Geografico Agustin Codazzi","","",0,"","","","Sin vacantes"
"187","Universidad del SINU","","",0,"","","","Sin vacantes"
"188","Seguros De Riesgos Profesionales Suramericana SA","","",0,"","","","Sin vacantes"
"189","Masivo Capital SAS","","",0,"","","","Sin vacantes"
"190","Grow Data SAS","","",0,"","","","Sin vacantes"
"191","UNIVERSIDAD AGRARIA DE COLOMBIA","","",0,"","","","Sin vacantes"
"192","Emerald Energy PLC","","",0,"","","","Sin vacantes"
"193","Itelca SAS","","",0,"","","","Sin vacantes"
"194","BANCO DE COMERCIO EXTERIOR DE COLOMBIA BANCOLDEX","","",0,"","","","Sin vacantes"
"195","Fondo Financiero De Proyectos De Desarrollo Fonade","","",0,"","","","Sin vacantes"
"196","Akita Motos SA","","",0,"","","","Sin vacantes"
"197","Caja de Compensación Familiar de Cundinamarca COM","","",0,"","","","Sin vacantes"
"198","CREDICORP CAPITAL COLOMBIA S A SIGLA CREDICORP CAP","","",0,"","","","Sin vacantes"
"199","COMFAMILIAR RISARALDA","","",0,"","","","Sin vacantes"
"200","Caja De Retiro De Las Fuerzas Militares","","",0,"","","","Sin vacantes"
"201","Enorey International, S. A. (Quanam)","","",0,"","","","Sin vacantes"
"202","Banco Del Pacifico SA","","",0,"","","","Sin vacantes"
"203","Industrias Metalex S.A.S","","",0,"","","","Sin vacantes"
"204","ZONA FRANCA DE BOGOTA","","",0,"","","","Sin vacantes"
"205","Bull Uruguay S.A.","","",0,"","","","Sin vacantes"
"206","EMPR. DE TRANSP DEL TERCER MILENIO TRANSMILENIO SA","","",0,"","","","Sin vacantes"
"207","COLEGIO MAYOR DE NUESTRA SENORA DEL ROSARIO","","",0,"","","","Sin vacantes"
"208","Verano Ingenieria Ltda","","",0,"","","","Sin vacantes"
"209","QBE Seguros SA","","",0,"","","","Sin vacantes"
"210","Makro Supermayorista S.A.S.","","",0,"","","","Sin vacantes"
"211","CASA EDITORIAL EL TIEMPO S A","","",0,"","","","Sin vacantes"
"212","Landers & Cia. S.a.","","",0,"","","","Sin vacantes"
"213","Encajes SA Colombia","","",0,"","","","Sin vacantes"
"214","Interactivo Contact Center SA","","",0,"","","","Sin vacantes"
"215","INDUSTRIAS ESTRA S.A.","","",0,"","","","Sin vacantes"
"216","Blu Logistics Colombia S.A.S","","",0,"","","","Sin vacantes"
"217","Circulante S.A","","",0,"","","","Sin vacantes"
"218","CI Grodco SCA","","",0,"","","","Sin vacantes"
"219","CORPORACION AUTOMONA REGIONAL DEL VALLE DEL CAUCA","","",0,"","","","Sin vacantes"
"220","Representaciones y Servicios Globales S.A.","","",0,"","","","Sin vacantes"
"221","Fundacion Universitaria Panamericana","","",0,"","","","Sin vacantes"
"222","UNIVERSIDAD CATOLICA DE COLOMBIA","","",0,"","","","Sin vacantes"
"223","UNIVERSIDAD EL BOSQUE","","",0,"","","","Sin vacantes"
"224","Gemalto Colombia SA","","",0,"","","","Sin vacantes"
"225","Interbolsa SA","","",0,"","","","Sin vacantes"
"226","PRODUCTOS RAMO S.A.","","",0,"","","","Sin vacantes"
"227","FANALCA S.A - Proyecto BI, DB para OWB","","",0,"","","","Sin vacantes"
"228","FONDO DE PREVENCION Y ATENCION DE EMERGENCIAS DEA","","",0,"","","","Sin vacantes"
"229","MIGRACION COLOMBIA","","",0,"","","","Sin vacantes"
"230","Compania Internacional De Alimentos SAS","","",0,"","","","Sin vacantes"
"231","CRM Direct Plus","","",0,"","","","Sin vacantes"
"232","Empresa De Telecomunicaciones De Pereira S.A.","","",0,"","","","Sin vacantes"
"233","Citibank Colombia S.A.","","",0,"","","","Sin vacantes"
"234","Masering S.A.S.","","",0,"","","","Sin vacantes"
"235","Tu Carrera SA","","",0,"","","","Sin vacantes"
"236","PORVENIR S.A","","",0,"","","","Sin vacantes"
"237","UNIVERSIDAD JORGE TADEO LOZANO","","",0,"","","","Sin vacantes"
"238","Diveo Datacenter SAS","","",0,"","","","Sin vacantes"
"239","Sociedad Concesionaria Operadora Aeroportuaria Int","","",0,"","","","Sin vacantes"
"240","Fundacion Universidad Autonoma De Colombia FUAC","","",0,"","","","Sin vacantes"
"241","Gecelca SA E.S.P","","",0,"","","","Sin vacantes"
"242","Seguros de Vida Suramericana SA","","",0,"","","","Sin vacantes"
"243","GRANITOS Y MARMOLES S A","","",0,"","","","Sin vacantes"
"244","Productos Roche SA","","",0,"","","","Sin vacantes"
"245","BEL STAR S A","","",0,"","","","Sin vacantes"
"246","PRODUCTOS ALIMENTICIOS MARGARITA S.A.","","",0,"","","","Sin vacantes"
"247","Industria de Licores del Valle del Cauca","","",0,"","","","Sin vacantes"
"248","V.Q. Ingenieria LLtda","","",0,"","","","Sin vacantes"
"249","CSC- Centro de servicios crediticios","","",0,"","","","Sin vacantes"
"250","Fondo De Empleados Almacenes Exito Presente","","",0,"","","","Sin vacantes"
"251","Fundacion Universitaria Luis Amigo","","",0,"","","","Sin vacantes"
"252","ACTIVOS S.A.","","",0,"","","","Sin vacantes"
"253","INVIMA","","",0,"","","","Sin vacantes"
"254","ITC S.A. INGENIERIA  DE PLASTICOS INDUSTRIALES","","",0,"","","","Sin vacantes"
"255","TERMOTASAJERO S A E S P","","",0,"","","","Sin vacantes"
"256","Universidad ICESI","","",0,"","","","Sin vacantes"
"257","ACUEDUCTOS Y ALCANTARILLADOS DEL VALLE DEL CAUCA S","","",0,"","","","Sin vacantes"
"258","Instituto Colombiano De Bienestar Familiar","","",0,"","","","Sin vacantes"
"259","Scotiabank Colombia S.A.","","",0,"","","","Sin vacantes"
"260","Reditos Empresariales SA","","",0,"","","","Sin vacantes"
"261","EPS Y Medicina Prepagada Suramericana SA","","",0,"","","","Sin vacantes"
"262","FUNDACION SOCIAL","","",0,"","","","Sin vacantes"
"263","Synapsis Colombia S.A.S","","",0,"","","","Sin vacantes"
"264","SERVIBANCA S.A.","","",0,"","","","Sin vacantes"
"265","UNIVERSIDAD PILOTO DE COLOMBIA","","",0,"","","","Sin vacantes"
"266","EMPRESA DE OBRAS SANITARIAS DE LA PROVINCIA DE OBA","","",0,"","","","Sin vacantes"
"267","Muelles el Bosque Operadores Portuarios SA","","",0,"","","","Sin vacantes"
"268","PNUD Colombia","","",0,"","","","Sin vacantes"
"269","Levapan S.A. Cia Nacional de Levadu","","",0,"","","","Sin vacantes"
"270","Grandes Superficies de Colombia SA","","",0,"","","","Sin vacantes"
"271","FONDO DE VIGIL Y SEG.DE SANTA FE DE BOGOTA D.C.","","",0,"","","","Sin vacantes"
"272","Liceo Frances Louis Pasteur","","",0,"","","","Sin vacantes"
"273","APORTES EN LINEA SA","","",0,"","","","Sin vacantes"
"274","Almacenes Corona S.A.S","","",0,"","","","Sin vacantes"
"275","ABBVIE S.A.S.","","",0,"","","","Sin vacantes"
"276","Acciones y Valores","","",0,"","","","Sin vacantes"
"277","Pacific Stratus Energy Colombia Corp.","","",0,"","","","Sin vacantes"
"278","Enka de Colombia S.A","","",0,"","","","Sin vacantes"
"279","Old Mutual Pensiones y Cesantias S.A.","","",0,"","","","Sin vacantes"
"280","Aviatur","","",0,"","","","Sin vacantes"
"281","Compania de Puertos Asociados SA","","",0,"","","","Sin vacantes"
"282","Quantum Data Processing De Colombia S A S","","",0,"","","","Sin vacantes"
"283","Garrido Asociados Ltda","","",0,"","","","Sin vacantes"
"284","Financiera juriscoop s.a. Compania de financiamien","","",0,"","","","Sin vacantes"
"285","UNIVERSIDAD AUTONOMA DE BUCARAMANGA","","",0,"","","","Sin vacantes"
"286","COMPANIA COLOMBIANA AUTOMOTRIZ S A C C A EN LIQUID","","",0,"","","","Sin vacantes"
"287","Credivalores Crediservicios SAS","","",0,"","","","Sin vacantes"
"288","Instituto de Planificacion y Promocion de Solucion","","",0,"","","","Sin vacantes"
"289","Aguazul Bogota S.A. ESP","","",0,"","","","Sin vacantes"
"290","HERNANDO CAMARGO PEDRAZA SAS","","",0,"","","","Sin vacantes"
"291","Instituto Colombiano para la Evaluacion de la Educ","","",0,"","","","Sin vacantes"
"292","Efigas S.A. E.S.P.","","",0,"","","","Sin vacantes"
"293","Universidad Del Rosario","","",0,"","","","Sin vacantes"
"294","Instituto Colombiano Agropecuario","","",0,"","","","Sin vacantes"
"295","Federacion De Aseguradores Colombianos Fasecolda","","",0,"","","","Sin vacantes"
"296","Interoil Colombia Exploration and Production","","",0,"","","","Sin vacantes"
"297","QUIPUX S.A.S.","","",0,"","","","Sin vacantes"
"298","CRM Direct Plus SAS","","",0,"","","","Sin vacantes"
"299","Colfondos","","",0,"","","","Sin vacantes"
"300","Thomas Greg & Sons Limited (Guernsey) S.A.","","",0,"","","","Sin vacantes"
"301","FINSOCIAL COL S.A.S","","",0,"","","","Sin vacantes"
"302","EMPRESA DE ENERGIA DE BOYACA S.A. ESP","","",0,"","","","Sin vacantes"
"303","Banco Falabella S.A","","",0,"","","","Sin vacantes"
"304","PROGR NACIO UNID PARA DESAR PROY PNUD/COL","","",0,"","","","Sin vacantes"
"305","EMPRESA DE GASES DE OCCIDENTE S A EMPRESA DE SERVI","","",0,"","","","Sin vacantes"
"306","CORREDORES ASOCIADOS S A COMISIONISTA DE BOLSA","","",0,"","","","Sin vacantes"
"307","Gases de Occidente S.A. E.S.P.","","",0,"","","","Sin vacantes"
"308","Union Temporal Fase II","","",0,"","","","Sin vacantes"
"309","TITAN INTERCONTINENTAL S.A.","","",0,"","","","Sin vacantes"
"310","INSTITUTO COLOMBIANO DE CRÉDITO EDUCATIVO Y ESTUD","","",0,"","","","Sin vacantes"
"311","AGFA HEALTCARE COLOMBIA LTDA","","",0,"","","","Sin vacantes"
"312","FUNDACION UNIVERSITARIA KONRAD LORENZ","","",0,"","","","Sin vacantes"
"313","Federacion Nacional De Comerciantes Fenalco","","",0,"","","","Sin vacantes"
"314","Corporacion Autonoma Regional De Cundinamarca Car","","",0,"","","","Sin vacantes"
"315","Contact Center Americas S.A.","","",0,"","","","Sin vacantes"
"316","ECI Telecom SurAmerica LTDA","","",0,"","","","Sin vacantes"
"317","Alcaldía Mayor de Bogotá","","",0,"","","","Sin vacantes"
"318","BIOENERGY S.A.","","",0,"","","","Sin vacantes"
"319","Centro De Radio Y Television Cratel C.A.","","",0,"","","","Sin vacantes"
"320","EMPRESA SOCIAL DEL ESTADO - METROSALUD","","",0,"","","","Sin vacantes"
"321","UNE EPMBOGOTA S.A.","","",0,"","","","Sin vacantes"
"322","Productive business solutions (aruba) n.v.","","",0,"","","","Sin vacantes"
"323","BRINKS DE COLOMBIA S.A.","","",0,"","","","Sin vacantes"
"324","Toyota de Colombia S.A.","","",0,"","","","Sin vacantes"
"325","Cam Colombia Multiservicios SAS","","",0,"","","","Sin vacantes"
"326","everis Colombia Ltda.","","",0,"","","","Sin vacantes"
"327","Instituto Colombiano de Normas Tecnicas","","",0,"","","","Sin vacantes"
"328","EQUIELECT S.A.S","","",0,"","","","Sin vacantes"
"329","DEPARTAMENTO DE ANTIOQUIA","","",0,"","","","Sin vacantes"
"330","CITIBANK COLOMBIA","","",0,"","","","Sin vacantes"
"331","Camara De Comercio De Barranquilla","","",0,"","","","Sin vacantes"
"332","ACCION S.A.","","",0,"","","","Sin vacantes"
"333","PARMALAT COLOMBIA LTDA","","",0,"","","","Sin vacantes"
"334","DALASE S.A.","","",0,"","","","Sin vacantes"
"335","Lazus Colombia S.A.S.","","",0,"","","","Sin vacantes"
"336","MANUELITA S A","","",0,"","","","Sin vacantes"
"337","SMURFIT CARTON DE COLOMBIA S.A.","","",0,"","","","Sin vacantes"
"338","San Antonio Internacional","","",0,"","","","Sin vacantes"
"339","JJ Pita Y Cia SA","","",0,"","","","Sin vacantes"
"340","Asociacion Mutual La Esperanza Asmet Salud Ess Eps","","",0,"","","","Sin vacantes"
"341","Delima Marsh","","",0,"","","","Sin vacantes"
"342","Corporacion Universitaria Iberoamericana","","",0,"","","","Sin vacantes"
"343","CELSIA S.A. E. S. P","","",0,"","","","Sin vacantes"
"344","Corporacion Universitaria Minuto De Dios","","",0,"","","","Sin vacantes"
"345","Soft Bolivar S.A.","","",0,"","","","Sin vacantes"
"346","DIRECCION DE DESARROLLO ADMINISTRATIVO","","",0,"","","","Sin vacantes"
"347","DEPARTAMENTO DE CUNDINAMARCA","","",0,"","","","Sin vacantes"
"348","DIRECCION DE INTELIGENCIA","","",0,"","","","Sin vacantes"
"349","COLTEFINANCIERA","","",0,"","","","Sin vacantes"
"350","Legis S.A.","","",0,"","","","Sin vacantes"
"351","Telecafe","","",0,"","","","Sin vacantes"
"352","SEGUROS ALFA S.A.","","",0,"","","","Sin vacantes"
"353","El Colombiano SA Y CIA SCA","","",0,"","","","Sin vacantes"
"354","Bayer CropScience S.A.","","",0,"","","","Sin vacantes"
"355","BBVA BANCO GANADERO S.A.","","",0,"","","","Sin vacantes"
"356","Empresa Industrial Y Comercial Del Estado Administ","","",0,"","","","Sin vacantes"
"357","LineaDatascan SA","","",0,"","","","Sin vacantes"
"358","AES Chivor & Cia SCA ESP","","",0,"","","","Sin vacantes"
"359","CAJA DE COMPENSACION FAMILIAR COMFENALCO DEL VALLE","","",0,"","","","Sin vacantes"
"360","Ferrocarriles Del Norte De Colombia S.A. (FENOCO S","","",0,"","","","Sin vacantes"
"361","Processa SAS","","",0,"","","","Sin vacantes"
"362","Promigas S A E S P","","",0,"","","","Sin vacantes"
"363","Oxigenos De Colombia Ltda","","",0,"","","","Sin vacantes"
"364","Fundacion WWB Colombia","","",0,"","","","Sin vacantes"
"365","CAJA DE COMPENSACION FAMILIAR DEL VALLE DEL CAUCA","","",0,"","","","Sin vacantes"
"366","CARACOL TELEVISION S A","","",0,"","","","Sin vacantes"
"367","SERVICIO INMEDIATO NACIONAL S.A.","","",0,"","","","Sin vacantes"
"368","Havas Media Colombia S.A.S","","",0,"","","","Sin vacantes"
"369","Grupo Intellego Colombia SAS","","",0,"","","","Sin vacantes"
"370","Thomas Greg & Sons De Colombia SA","","",0,"","","","Sin vacantes"
"371","Almacenes Flamingo S A","","",0,"","","","Sin vacantes"
"372","Total Quality Management S.A.","","",0,"","","","Sin vacantes"
"373","ANGELCOM S.A.","","",0,"","","","Sin vacantes"
"374","Tigo Colombia","","",0,"","","","Sin vacantes"
"375","INSTITUTO COLOMBIANO DE NORMAS TECNICAS Y CERTIFIC","","",0,"","","","Sin vacantes"
"376","Retramar S.A.S.","","",0,"","","","Sin vacantes"
"377","PEPSICOLA PANAMERICANA S A","","",0,"","","","Sin vacantes"
"378","V Q Ingenieria Sociedad Por Acciones Simplificada","","",0,"","","","Sin vacantes"
"379","D Contadores Ltda","","",0,"","","","Sin vacantes"
"380","CORPORACION FINANCIERA COLOMBIANA S.A.","","",0,"","","","Sin vacantes"
"381","CERTICAMARA S.A.","","",0,"","","","Sin vacantes"
"382","AXA Colpatria Seguros de Vida S.A.","","",0,"","","","Sin vacantes"
"383","DOMESA DE COLOMBIA SA","","",0,"","","","Sin vacantes"
"384","MPR Andina S.A.","","",0,"","","","Sin vacantes"
"385","Departamento Archipielago de San Andres, Providenc","","",0,"","","","Sin vacantes"
"386","PRODUCTOS NATURALES DE LA SABANA S A ALQUERIA","","",0,"","","","Sin vacantes"
"387","Fondo De Desarrollo De Proyectos De Cundinamarca -","","",0,"","","","Sin vacantes"
"388","Open Card S. A.","","",0,"","","","Sin vacantes"
"389","Caja de Auxilios y Prestaciones de la Asociacion C","","",0,"","","","Sin vacantes"
"390","Enertotal S.A. ESP","","",0,"","","","Sin vacantes"
"391","Fondo Nacional del Ahorro","","",0,"","","","Sin vacantes"
"392","Litoplas S A","","",0,"","","","Sin vacantes"
"393","Aseo Urbano S.A.S E.S.P","","",0,"","","","Sin vacantes"
"394","Mazda De Colombia S.A.S.","","",0,"","","","Sin vacantes"
"395","CAJA DE COMPENSACION FAMILIAR DE BARRANQUILLA","","",1,"Coordinador de transformación digital","","","CON VACANTES TI"
"396","Ofixpres S.A.S.","","",0,"","","","Sin vacantes"
"397","FUND UNIVERSIDAD CENTRAL","","",0,"","","","Sin vacantes"
"398","GANE CORREDORES DE APUESTAS S.A.","","",0,"","","","Sin vacantes"
"399","Aplicaciones S.A.","","",0,"","","","Sin vacantes"
"400","Muebles Jamar S.A","","",0,"","","","Sin vacantes"
"401","Promotora Telco Inversiones S.A.S","","",0,"","","","Sin vacantes"
"402","Giros Y Finanzas CF SA","","",0,"","","","Sin vacantes"
"403","Allus Global BPO Center","","",0,"","","","Sin vacantes"
"404","Savera Ltda","","",0,"","","","Sin vacantes"
"405","Gear Electric","","",0,"","","","Sin vacantes"
"406","SUBOCOL S A","","",0,"","","","Sin vacantes"
"407","Sercotel, S.A. de C.V.","","",0,"","","","Sin vacantes"
"408","Hino Motors Manufacturing Colombia S.A.","","",0,"","","","Sin vacantes"
"409","CAVELIER ABOGADOS","","",0,"","","","Sin vacantes"
"410","SOCIEDAD DE AUTORES Y COMPOSITORES DE COLOMBIA SAY","","",0,"","","","Sin vacantes"